Site,Date,Nutrients,Herbivory,Plot,Replicate,Species,Unique_ID,TH,Thickness,TS,Toughness,P_calcification,DW:WW,WW:TH,SA:V,SA:WW
Church,2025-04-25T00:00:00Z,H,L,1,4,Padina,OC-1.04-Pad-A,11.1,0.055,0.88,27.67,14.000000000000002,0.2193158953722334,0.4927927927927928,30.717847082494973,28.0784708249497
Church,2025-04-25T00:00:00Z,H,L,1,1,Turbinaria,OC-1.01-Turb-A,9,0.155,2,60.28,0,0.16766467065868262,0.5566666666666666,5.52920307,4.414533389221558
Church,2025-04-25T00:00:00Z,H,L,1,2,Turbinaria,OC-1.02-Turb-B,10.8,0.18,0.88,49.42,0,0.15992647058823528,0.5037037037037037,5.984734006,5.500674637867647
Church,2025-04-25T00:00:00Z,H,L,1,8,Turbinaria,OC-1.08-Turb-D,4.8,0.16,1.74,47.89,0,0.13291139240506328,0.3291666666666667,5.13894745,6.504996772151898
Church,2025-04-25T00:00:00Z,H,L,1,10,Turbinaria,OC-1.10-Turb-E,10.8,0.2,1.82,51.8,0,0.14455445544554454,0.46759259259259256,6.217211862,6.155655308910891
Church,2025-04-25T00:00:00Z,H,L,1,5,Padina,OC-1.05-Pad-B,11.5,0.03,0.61,29.12,23.437500000000004,0.16250000000000003,0.8208695652173913,27.584779545454552,23.376931818181824
Church,2025-04-25T00:00:00Z,H,L,1,6,Padina,OC-1.06-Pad-C,13.9,0.025,1.24,27.1,9.677419354838701,0.15642458100558662,1.1194244604316548,19.155044553072624,24.620879888268156
Church,2025-04-25T00:00:00Z,H,L,1,3,Turbinaria,OC-1.03-Turb-C,8.5,0.155,2.47,40.21,0,0.1512605042016807,0.42,2.5415872422222225,6.407362795518208
Church,2025-04-25T00:00:00Z,H,L,1,9,Halimeda,OC-1.09-Hali-A,1.1,0.105,0.35,92.44,84.61538461538461,0.01886792453,1.081818182,8.738641509,7.343396226415094
Church,2025-04-25T00:00:00Z,H,L,1,11,Turbinaria,OC-1.11-Turb-F,3.27,0.11,1.2,21.94,0,0.22,0.1529051987767584,10.750530060000001,10.750530060000001
Church,2025-04-25T00:00:00Z,H,L,1,7,Padina,OC-1.07-Pad-D,7.7,0.035,1.18,31.24,41.66666666666666,0.203125,0.3636363636363636,43.459609375,31.042578125000002
Church,2025-04-25T00:00:00Z,H,L,1,13,Turbinaria,OC-1.13-Turb-G,11.1,0.22,1.8,55.23,0,0.1454248366013072,0.5513513513513514,6.33938491,5.179236037581699
Church,2025-04-25T00:00:00Z,H,L,1,14,Turbinaria,OC-1.14-Turb-H,10.2,0.18,1.8,33.74,0,0.1440677966101695,0.4627450980392157,4.913101844,5.204557038135594
Church,2025-04-25T00:00:00Z,H,L,1,15,Turbinaria,OC-1.15-Turb-I,3.7,0.16,1.94,27.95,0,0.15654205607476634,1.1567567567567567,4.98946,4.663046728971962
Church,2025-04-25T00:00:00Z,H,L,1,16,Turbinaria,OC-1.16-Turb-J,4.3,0.165,0.24,24.84,0,0.16666666666666669,0.19534883720930232,11.32369619,13.480590702380953
Church,2025-04-25T00:00:00Z,H,L,1,17,Turbinaria,OC-1.17-Turb-K,5.9,0.18,1.92,35.57,0,0.12280701754385964,0.28983050847457625,9.087929415,5.314578605263158
Church,2025-04-25T00:00:00Z,H,L,1,20,Turbinaria,OC-1.20-Turb-N,6.5,0.17,2.34,35.5,0,0.14344262295081966,0.37538461538461537,19.74490983,8.092176159836066
Church,2025-04-25T00:00:00Z,H,L,1,18,Turbinaria,OC-1.18-Turb-L,5.4,0.155,2.46,36.62,0,0.143646408839779,0.3351851851851852,6.05541984,6.691071646408839
Church,2025-04-25T00:00:00Z,H,L,1,21,Turbinaria,OC-1.21-Turb-O,8.3,0.16,1.88,26.18,0,0.16666666666666666,0.3180722891566265,8.735372905,6.617706746212121
Church,2025-04-25T00:00:00Z,H,L,1,19,Turbinaria,OC-1.19-Turb-M,4,0.15,0.78,25.45,0,0.15942028985507248,0.1725,6.078981785,8.810118528985507
Church,2025-04-25T00:00:00Z,H,L,1,12,Padina,OC-1.12-Pad-E,5.4,0.07,0.22,20.6,15.789473684210526,0.2857142857142853,0.1,53.61737142857143,49.645714285714284
Church,2025-04-25T00:00:00Z,H,L,1,24,Turbinaria,OC-1.24-Turb-R,3.5,0.14,1.56,34.47,0,0.18194444444444446,0.2057142857142857,6.112724816666667,12.734843368055556
Church,2025-04-25T00:00:00Z,H,L,1,25,Turbinaria,OC-1.25-Turb-S,3.6,0.15,1.66,27.61,0,0.11111111111111112,0.27499999999999997,4.185299546,6.341362948484849
Church,2025-04-25T00:00:00Z,H,L,1,22,Turbinaria,OC-1.22-Turb-P,4.4,0.11,1.67,21.35,0,0.2,0.19318181818181815,4.201880174,9.886776880000001
Church,2025-04-25T00:00:00Z,H,L,1,23,Turbinaria,OC-1.23-Turb-Q,1.9,0.115,0.6,49.73,0,0.20833333333333334,0.12631578947368421,0.879645943,3.6651914291666667
Hilton,2025-04-24T00:00:00Z,L,L,1,3,Turbinaria,H-1.03-Turb-A,15.5,0.05,3.3,38.79,0,0.14192348565356003,1.2141935483870967,4.251505702666667,3.3885539606801274
Hilton,2025-04-24T00:00:00Z,L,L,1,4,Turbinaria,H-1.04-Turb-B,14.4,0.27,2.04,50.59,0,0.14391143911439114,0.7527777777777778,6.290166624545455,6.383010412361624
Hilton,2025-04-24T00:00:00Z,L,L,1,6,Turbinaria,H-1.06-Turb-C,16.4,0.27,2.7,50,0,0.13266583229036297,0.9743902439024391,2.6072077431999996,4.078860674593241
Hilton,2025-04-24T00:00:00Z,L,L,1,7,Turbinaria,H-1.07-Turb-D,10.9,0.06,2.46,31.44,0,0.13811188811188813,1.0495412844036696,3.7622208275,3.9463854833916088
Hilton,2025-04-24T00:00:00Z,L,L,1,8,Turbinaria,H-1.08-Turb-E,7.9,0.1,1.84,38.67,0,0.12655601659751037,0.610126582278481,6.243818435555556,5.829291070539419
Hilton,2025-04-24T00:00:00Z,L,L,1,9,Turbinaria,H-1.09-Turb-F,16.1,0.03,3,43.45,0,0.13520822065981614,1.1484472049689438,4.859766635882353,4.468146717685236
Hilton,2025-04-24T00:00:00Z,L,L,1,20,Turbinaria,H-1.20-Turb-N,11.5,0.49,2.64,65.85,0,0.1306122448979592,0.6391304347826087,4.167846253636363,6.237593032653062
Hilton,2025-04-24T00:00:00Z,L,L,1,21,Turbinaria,H-1.21-Turb-O,11.8,0.31,2.4,58.71,0,0.14213197969543148,0.6677966101694914,3.8775979990000002,4.920809643401015
Hilton,2025-04-24T00:00:00Z,L,L,1,23,Turbinaria,H-1.23-Turb-P,7.86,0.48,2.46,48.47,0,0.12759643916913946,0.8575063613231552,4.360836035714286,4.529058197329377
West,2025-04-26T00:00:00Z,L,H,5,1,Halimeda,W-5.01-Hali-A,10,0.07,0.22,32.6,65.71428571428571,0.43610547667342797,0.528,26.328600405679513,14.959432048681542
West,2025-04-26T00:00:00Z,L,H,5,2,Halimeda,W-5.02-Hali-B,3,0.115,0.8,11.65,80,0.2467532467532467,0.2733333333333333,5.458857142857143,6.6571428571428575
West,2025-04-26T00:00:00Z,L,H,5,3,Halimeda,W-5.03-Hali-C,8.1,0.08,1.3,16.77,66.66666666666666,0.2370689655,0.3308641975308642,10.654925287356322,11.927155172413793
West,2025-04-26T00:00:00Z,L,H,5,4,Halimeda,W-5.04-Hali-D,8.6,0.08,0.86,10.74,82.14285714285715,0.34670487106017206,0.43837209302325586,14.290352435530083,11.371633237822348
West,2025-04-26T00:00:00Z,L,H,5,5,Amansia,W-5.05-Aman-A,6.1,0.0025,2.7,21.27,0,0.1899441340782123,0.5868852459016394,40.0092,27.939385474860334
West,2025-04-26T00:00:00Z,L,H,5,6,Amansia,W-5.06-Aman-B,7.4,0.0025,2.88,23.28,0,0.22222222222222224,0.5594594594594594,20.758666666666667,15.042512077294688
West,2025-04-26T00:00:00Z,L,H,5,7,Amansia,W-5.07-Aman-C,4.1,0.005,4.5,22.08,0,0.2241379310344828,2.165853658536586,22.800165517241382,25.675862068965518
West,2025-04-26T00:00:00Z,L,H,5,8,Halimeda,W-5.08-Hali-E,8,0.07,0.7,61.21,64.13793103448275,0.45473908413205544,1.355,14.533276890308837,10.72566560170394
West,2025-04-26T00:00:00Z,L,H,5,9,Caulerpa,W-5.09-Caule-A,8.3,0.08,0.14,10.78,0,0.04481132075471698,0.5108433734939759,5.975,5.636792452830188
West,2025-04-26T00:00:00Z,L,H,5,10,Amansia,W-5.10-Aman-D,4.9,0.0025,2.94,10.77,0,0.3333333333333333,0.4530612244897959,24.691,22.24414414414414
West,2025-04-26T00:00:00Z,L,H,5,11,Halimeda,W-5.11-Hali-F,16.5,0.075,1.6,57.76,64,0.3714942528735633,1.4090909090909092,9.396875,6.466666666666667
West,2025-04-26T00:00:00Z,L,H,5,12,Amansia,W-5.12-Aman-E,7.4,0.0025,1.4,22.28,0,0.16167664670658685,0.22567567567567565,27.181,16.276047904191618
West,2025-04-26T00:00:00Z,L,H,5,13,Halimeda,W-5.13-Hali-G,10.4,0.085,1.5,32.21,55.319148936170215,0.2676767676767675,0.23557692307692307,11.465505050505051,9.359595959595959
West,2025-04-26T00:00:00Z,L,H,5,14,Halimeda,W-5.14-Hali-H,19.5,0.09,2.58,54.24,69.35483870967741,0.47184635530336094,3.907692307692308,13.722918201658665,9.004539502400698
West,2025-04-26T00:00:00Z,L,H,5,15,Halimeda,W-5.15-Hali-I,19.6,0.08,1.68,39.99,51.38888888888889,0.4484536082474226,1.310204081632653,21.391175257731962,16.65979381443299
West,2025-04-26T00:00:00Z,L,H,5,16,Amansia,W-5.16-Aman-F,7.5,0.0025,1.38,32.17,0,0.10755148741418763,0.5826666666666667,30.94666666666667,21.244851258581235
West,2025-04-26T00:00:00Z,L,H,5,17,Caleurpa,W-5.17-Caule-B,10.1,0.12,0.23,10.79,0,0.04709141274238228,0.3574257425742574,9.3695,10.381717451523546
West,2025-04-26T00:00:00Z,L,H,5,18,Amansia,W-5.18-Aman-G,4,0.005,1.96,26.5,0,0.18681318681318682,0.2275,15.657,17.205494505494507
West,2025-04-26T00:00:00Z,L,H,5,19,Halimeda,W-5.19-Hali-J,15.9,0.085,0.92,53.99,65.78947368421053,0.43585526315789463,0.4062893081761006,11.5274875,8.92220394736842
West,2025-04-26T00:00:00Z,L,H,5,20,Halimeda,W-5.20-Hali-K,4.1,0.065,0.36,10.77,57.14285714285715,0.2571428571428571,0.11951219512195123,4.8482,9.894285714285715
West,2025-04-26T00:00:00Z,L,H,5,21,Amansia,W-5.21-Aman-H,4.7,0.005,1.64,19.24,0,0.1875,0.13617021276595745,15.308,23.91875
West,2025-04-26T00:00:00Z,L,H,5,22,Halimeda,W-5.22-Hali-L,9,0.07,1.46,56.73,77.04918032786885,0.42082429501084595,4.152222222222222,29.930046420824294,12.013665943600868
West,2025-04-26T00:00:00Z,L,H,5,23,Halimeda,W-5.23-Hali-M,20.9,0.05,1,28.27,71.42857142857143,0.48247663551401876,0.8325358851674641,13.150619158878506,9.069392523364488
West,2025-04-26T00:00:00Z,L,H,5,25,Amansia,W-5.25-Aman-I,4.9,0.005,1.92,19.64,0,0.17808219178082194,0.14897959183673468,23.797,32.5986301369863
JetSki,2025-04-27T00:00:00Z,H,H,1,1,Turbinaria,JS-1.01-Turb-A,14.3,0.08,1.8,51.7,0,0.12864077669902912,0.2881118881118881,6.16668458,5.98707240776699
JetSki,2025-04-27T00:00:00Z,H,H,1,2,Halimeda,JS-1.02-Hali-A,12.4,0.085,0.94,10.82,63.793103448275865,0.35016835016835024,0.5258064516129032,12.486239057239056,11.49040404040404
JetSki,2025-04-27T00:00:00Z,H,H,1,3,Halimeda,JS-1.03-Hali-B,14.5,0.085,0.6,65.34,77.31958762886599,0.4071729957805907,0.7206896551724138,11.674188349742147,10.05432489451477
JetSki,2025-04-27T00:00:00Z,H,H,1,4,Halimeda,JS-1.04-Hali-C,14.9,0.07,0.96,107.47,71.27659574468085,0.486046511627907,2.628187919463087,14.616697674418605,10.824418604651164
JetSki,2025-04-27T00:00:00Z,H,H,1,5,Halimeda,JS-1.05-Hali-D,8,0.06,0.82,29.3,76.92307692307693,0.319047619047619,0.27875,28.076761904761906,12.59047619047619
JetSki,2025-04-27T00:00:00Z,H,H,1,6,Halimeda,JS-1.06-Hali-E,17.7,0.065,0.66,50.08,27.058823529411764,0.449016100178891,1.033898305084746,14.901896243291592,10.586046511627908
JetSki,2025-04-27T00:00:00Z,H,H,1,7,Halimeda,JS-1.07-Hali-F,18.6,0.055,1.16,86.85,53.21100917431193,0.4797178130511464,1.411290322580645,12.417824074074074,9.461199294532628
JetSki,2025-04-27T00:00:00Z,H,H,1,8,Halimeda,JS-1.08-Hali-G,11.2,0.05,1,15.79,56.52173913043478,0.33884297520661155,0.5607142857142857,15.35517090909091,12.225454545454546
JetSki,2025-04-27T00:00:00Z,H,H,1,9,Halimeda,JS-1.09-Hali-H,9.7,0.085,0.88,114.09,84.72222222222221,0.48772678762006405,1.0402061855670104,9.112946282461758,5.418996798292422
JetSki,2025-04-27T00:00:00Z,H,H,1,10,Amansia,JS-1.10-Aman-A,5.8,0.0025,1.92,68.73,0,0.11111111111111112,0.2482758620689655,17.01,23.625000000000004
JetSki,2025-04-27T00:00:00Z,H,H,1,11,Amansia,JS-1.11-Aman-B,3.7,0.005,2.3,70.95,0,0.16666666666666666,0.14594594594594595,35.354,32.73518518518518
JetSki,2025-04-27T00:00:00Z,H,H,1,12,Amansia,JS-1.12-Aman-C,4.5,0.01,2.22,50.5,0,0.1724137931034483,0.2577777777777778,25.63866667,33.15344828
JetSki,2025-04-27T00:00:00Z,H,H,1,13,Halimeda,JS-1.13-Hali-I,10.9,0.075,1.06,37.14,73.33333333333333,0.390015600624025,1.203669724770642,14.409357254290173,8.786193447737912
JetSki,2025-04-27T00:00:00Z,H,H,1,14,Halimeda,JS-1.14-Hali-J,19.5,0.075,0.6,73.36,35,0.4933333333333333,1.341025641025641,18.04609264957265,10.351487179487181
JetSki,2025-04-27T00:00:00Z,H,H,1,15,Amansia,JS-1.15-Aman-D,1.9,0.01,0.28,80.08,0,0.10447761194029852,0.35263157894736846,48.514,36.2044776119403
JetSki,2025-04-27T00:00:00Z,H,H,1,16,Halimeda,JS-1.16-Hali-K,8.75,0.06,1,52.27,75.55555555555556,0.3695652173913043,0.6822857142857143,11.344730434782608,9.501449275362319
JetSki,2025-04-27T00:00:00Z,H,H,1,17,Halimeda,JS-1.17-Hali-L,6.7,0.04,1.48,104.19,40,0.4086021505376343,0.32238805970149254,6.066870967741935,11.23494623655914
JetSki,2025-04-27T00:00:00Z,H,H,1,18,Halimeda,JS-1.18-Hali-M,9.2,0.01,1.52,123.3,19.512195121951212,0.49912739965096,1.2902173913043478,21.516187609075047,10.875916230366494
JetSki,2025-04-27T00:00:00Z,H,H,1,19,Halimeda,JS-1.19-Hali-N,11.2,0.06,0.9,34.21,77.41935483870968,0.3813953488372093,0.6035714285714285,12.592045891472868,9.313643410852714
JetSki,2025-04-27T00:00:00Z,H,H,1,20,Halimeda,JS-1.20-Hali-O,6.1,0.01,0.76,90.71,70,0.4600000000000001,0.42622950819672134,15.778360000000001,12.1372
JetSki,2025-04-27T00:00:00Z,H,H,1,21,Halimeda,JS-1.21-Hali-P,7.9,0.1,0.88,44.8,69.23076923076923,0.2187499999999999,0.3,9.633415178571429,12.194196428571429
JetSki,2025-04-27T00:00:00Z,H,H,1,22,Halimeda,JS-1.22-Hali-Q,10.1,0.065,0.9,41.22,60.65573770491803,0.4099060631938514,1.2198019801980198,20.917547395388556,11.884970111016225
JetSki,2025-04-27T00:00:00Z,H,H,1,23,Halimeda,JS-1.23-Hali-R,3.2,0.05,0.8,102.13,80,0.45454545454545453,0.45625,6.489157024793389,8.889256198347109
JetSki,2025-04-27T00:00:00Z,H,H,1,24,Halimeda,JS-1.24-Hali-S,7.4,0.14,1.24,70.05,69.81132075471697,0.41727493917274944,1.1824324324324325,21.30630322384428,9.740024330900242
Hilton,2025-04-29T00:00:00Z,L,L,18,1,Dictyota,H-18.01-Dicty-A,2.9,0.01,0.03,11.59,0,0.14953271028037385,2.8655172413793104,16.327467289719625,29.471962616822427
Hilton,2025-04-29T00:00:00Z,L,L,18,2,Padina,H-18.02-Padi-A,4.9,0.03,0.1,13.18,20.000000000000004,0.15000000000000013,0.09183673469387754,35.768249999999995,39.74249999999999
Hilton,2025-04-29T00:00:00Z,L,L,18,3,Padina,H-18.03-Padi-B,3.4,0.03,0.04,10.72,25.000000000000007,0.22222222222222243,0.06470588235294118,11.415555555555557,25.944444444444446
Hilton,2025-04-29T00:00:00Z,L,L,18,4,Padina,H-18.04-Padi-C,3,0.025,1.4,10.74,50,0.05263157894736847,0.08333333333333333,18.14473684210526,36.28947368421052
Hilton,2025-04-29T00:00:00Z,L,L,18,5,Padina,H-18.05-Padi-D,3.8,0.05,0.1,17.67,20.000000000000004,0.23809523809523814,0.19210526315789475,25.17225396825397,34.48253968253969
Hilton,2025-04-29T00:00:00Z,L,L,18,6,Dictyota,H-18.06-Dicty-B,2.7,0.05,0.092,10.9,0,0.14545454545454545,0.20370370370370372,21.724,39.49818181818181
Hilton,2025-04-29T00:00:00Z,L,L,18,7,Mystery_Brown,H-18.07-MB-A,2.5,0.035,0.001,12.79,0,0.037037037037037035,0.10800000000000001,7.672,14.207407407407405
Hilton,2025-04-29T00:00:00Z,L,L,18,8,Turbinaria,H-18.08-Turb-A,6,0.13,1,44.19,0,0.5161290322580645,0.051666666666666666,4.52389342,36.4830114516129
Hilton,2025-04-29T00:00:00Z,L,L,18,10,Padina,H-18.10-Padi-E,4.7,0.02,0.054,15.98,40.00000000000001,0.19354838709677363,0.07659574468085106,18.8338064516129,52.31612903225806
Hilton,2025-04-29T00:00:00Z,L,L,18,11,Halimeda,H-18.11-Hali-A,3.7,0.05,0.38,34.88,90,0.4382022471910114,0.254054054054054,12.832584269662922,13.651685393258429
Hilton,2025-04-29T00:00:00Z,L,L,18,12,Padina,H-18.12-Padi-F,4.4,0.035,1.2,24.5,25,0.14705882352941166,0.25909090909090904,20.205382352941175,35.44803921568627
Hilton,2025-04-29T00:00:00Z,L,L,18,13,Turbinaria,H-18.13-Turb-B,12.5,0.06,1.98,28.06,0,0.14603174603174604,0.504,5.246847582222222,7.495496546031746
Hilton,2025-04-29T00:00:00Z,L,L,18,15,Turbinaria,H-18.15-Turb-C,14.3,0.08,2.64,22.58,0,0.13659605551497445,0.9573426573426572,42.41150082666667,4.646986942293645
Hilton,2025-04-29T00:00:00Z,L,L,18,16,Padina,H-18.16-Padi-H,2.6,0.045,0.32,14.55,0,0.3333333333333333,0.03461538461538461,5.848,64.97777777777777
Hilton,2025-04-29T00:00:00Z,L,L,18,19,Padina,H-18.19-Padi-K,4,0.07,0.5,17.38,20.000000000000004,0.16666666666666682,0.055,7.448833333333334,33.858333333333334
Hilton,2025-04-29T00:00:00Z,L,L,18,20,Padina,H-18.20-Padi-L,4.6,0.02,0.38,14.99,20.000000000000004,0.11111111111111242,0.030434782608695657,5.237555555555555,37.411111111111104
Hilton,2025-04-29T00:00:00Z,L,L,18,22,Padina,H-18.22-Padi-N,2.1,0.03,0.47,10.77,20.000000000000004,0.44444444444444475,0.06666666666666667,14.139999999999999,20.199999999999996
Hilton,2025-04-29T00:00:00Z,L,L,18,25,Dictyota,H -18.25-Dicty-D,3.7,0.01,0.19,13.12,0,0.16176470588235292,0.1837837837837838,2.760666666666667,6.08970588235294
Church,2025-04-30T00:00:00Z,H,L,6,1,Turbinaria,OC-6.01-Turb-A,6.3,0.09,1.44,35.43,0,0.12837837837837837,0.23492063492063492,5.02567558,6.791453486486486
Church,2025-04-30T00:00:00Z,H,L,6,2,Turbinaria,OC-6.02-Turb-B,3.8,0.05,1.6,50.58,0,0.1068702290076336,0.3447368421052632,3.3258994228,6.347136303053435
Church,2025-04-30T00:00:00Z,H,L,6,3,Padina,OC-6.03-Pad-A,12.4,0.05,0.92,14.73,25.80645161290322,0.15630114566284775,1.9959677419354838,10.096916427986905,8.159124386252044
Church,2025-04-30T00:00:00Z,H,L,6,4,Padina,OC-6.04-Pad-B,7.7,0.06,0.22,14.76,30.232558139534888,0.1978609625668449,0.5415584415584416,18.626297326203208,11.166844919786097
Church,2025-04-30T00:00:00Z,H,L,6,5,Turbinaria,OC-6.05-Turb-C,12,0.1,1.96,45.21,0,0.1506172839506173,0.6749999999999999,3.9387194296000003,6.078270724691358
Church,2025-04-30T00:00:00Z,H,L,6,6,Padina,OC-6.06-Pad-C,16.9,0.04,1.68,25.72,21.428571428571434,0.15613382899628253,0.6449704142011835,10.46818711276332,14.405762081784385
Church,2025-04-30T00:00:00Z,H,L,6,7,Turbinaria,OC-6.07-Turb-D,6.6,0.095,1.88,27.64,0,0.18248175182481752,0.4151515151515152,6.826980034285714,8.720594934306568
Church,2025-04-30T00:00:00Z,H,L,6,8,Turbinaria,OC-6.08-Turb-E,10.2,0.045,1.74,30.32,0,0.22831050228310504,0.2147058823529412,7.10087206,6.484814666666667
Church,2025-04-30T00:00:00Z,H,L,6,9,Turbinaria,OC-6.09-Turb-F,5.9,0.08,2.2,31.38,0,0.25125628140703515,0.3372881355932203,13.729923446666668,10.349188527638193
Church,2025-04-30T00:00:00Z,H,L,6,10,Padina,OC-6.10-Pad-D,13.2,0.045,2.6,28.95,30.58823529411765,0.17275747508305644,1.4325757575757576,2.6448272108843542,2.447619047619048
Church,2025-04-30T00:00:00Z,H,L,6,11,Turbinaria,OC-6.11-Turb-G,12.7,0.11,2.64,34.02,0,0.16412213740458015,0.4125984251968504,4.971046776,4.743365244274809
Church,2025-04-30T00:00:00Z,H,L,6,12,Turbinaria,OC-6.12-Turb-H,8.3,0.08,1.8,34.54,0,0.13821138211382114,0.444578313253012,3.2209469570000002,2.618656062601626
Church,2025-04-30T00:00:00Z,H,L,6,13,Turbinaria,OC-6.13-Turb-T,14.1,0.105,2.1,36.96,0,0.15602150537634407,0.6595744680851064,3.284011521,3.5311951838709676
Church,2025-04-30T00:00:00Z,H,L,6,14,Turbinaria,OC-6.14-Turb-J,2.5,0.06,1.1,31.17,0,0.17307692307692307,0.20800000000000002,2.722713633,5.235987755769231
Church,2025-04-30T00:00:00Z,H,L,6,15,Turbinaria,OC-6.15-Turb-K,4.2,0.07,1.92,23.22,0,0.14516129032258063,0.29523809523809524,6.0411663173333325,7.307862480645161
Church,2025-04-30T00:00:00Z,H,L,6,16,Halimeda,OC-6.16-Hali-A,2.2,0.05,0.24,24.1,66.66666666666666,0.3888888888888886,0.09545454545454544,12.045833333333333,11.472222222222223
Church,2025-04-30T00:00:00Z,H,L,6,18,Padina,OC-6.18-Pad-E,9.9,0.025,0.72,14.8,19.047619047619037,0.12264150943396215,0.12828282828282828,15.673317610062893,37.02358490566038
Church,2025-04-30T00:00:00Z,H,L,6,19,Padina,OC-6.19-Pad-F,10.4,0.045,0.28,22.15,3.4482758620689493,0.19421487603305784,0.28846153846153844,14.666280991735539,24.443801652892564
Church,2025-04-30T00:00:00Z,H,L,6,20,Padina,OC-6.20-Pad-G,13.8,0.055,0.2,20.73,24.242424242424246,0.19780219780219765,0.08985507246376812,8.785740659340659,17.713186813186812
Church,2025-04-30T00:00:00Z,H,L,6,21,Turbinaria,OC-6.21-Turb-L,3.9,0.055,1.3,48.43,0,0.1836734693877551,0.2512820512820513,5.32790843,8.154961882653062
Church,2025-04-30T00:00:00Z,H,L,6,22,Turbinaria,OC-6.22-Turb-M,3.9,0.07,2.28,46.39,0,0.1509433962264151,0.27179487179487183,6.792821449,6.408322121698113
Church,2025-04-30T00:00:00Z,H,L,6,23,Turbinaria,OC-6.23-Turb-N,2.5,0.09,1.56,38.34,0,0.18032786885245902,0.244,15.111060664,12.386115298360656
Church,2025-04-30T00:00:00Z,H,L,6,24,Turbinaria,OC-6.24-Turb-O,9.5,0.13,1.65,32.46,0,0.1738095238095238,0.4421052631578948,2.371069456060606,3.725966288095238
Church,2025-04-30T00:00:00Z,H,L,6,25,Turbinaria,OC-6.25-Turb-P,3.8,0.08,1.48,40.04,0,0.11504424778761063,0.29736842105263156,2.858849315,5.059910292035399
JetSki,2025-05-01T00:00:00Z,H,H,13,1,Turbinaria,JS-13.01-Turb-A,16.9,0.065,2.64,48.1,0,0.1578512396694215,0.7159763313609467,9.079202768333333,4.502084017355371
JetSki,2025-05-01T00:00:00Z,H,H,13,2,Turbinaria,JS-13.02-Turb-B,9.7,0.11,3.9,31.27,0,0.1623931623931624,1.9298969072164949,13.00165573,6.9453289155982905
JetSki,2025-05-01T00:00:00Z,H,H,13,3,Turbinaria,JS-13.03-Turb-C,9.4,0.055,1.8,39.23,0,0.1383495145631068,0.43829787234042555,12.7443942,7.73324890776699
JetSki,2025-05-01T00:00:00Z,H,H,13,4,Turbinaria,JS-13.04-Turb-D,11.1,0.06,1.68,37.01,0,0.152317880794702,0.27207207207207207,14.80999137,9.807941304635762
JetSki,2025-05-01T00:00:00Z,H,H,13,5,Turbinaria,JS-13.05-Turb-E,6,0.07,1.8,43.88,0,0.17045454545454544,0.29333333333333333,7.342018386666666,6.257402034090909
JetSki,2025-05-01T00:00:00Z,H,H,13,6,Turbinaria,JS-13.06-Turb-F,11.5,0.115,1.92,44.86,0,0.1326530612244898,0.3408695652173913,5.9899699925,6.1122142780612245
JetSki,2025-05-01T00:00:00Z,H,H,13,7,Turbinaria,JS-13.07-Turb-G,10.2,0.11,1.86,38.52,0,0.14901960784313728,0.5,13.728759896,6.729784262745098
JetSki,2025-05-01T00:00:00Z,H,H,13,8,Turbinaria,JS-13.08-Turb-H,10.1,0.12,2.34,43.75,0,0.15211640211640212,0.7485148514851485,9.085485954000001,6.008919281746032
JetSki,2025-05-01T00:00:00Z,H,H,13,9,Turbinaria,JS-13.09-Turb-I,8.3,0.11,1.92,43.07,0,0.13978494623655913,0.44819277108433736,8.844746873333333,7.1328603817204295
JetSki,2025-05-01T00:00:00Z,H,H,13,10,Turbinaria,JS-13.10-Turb-J,10.2,0.11,2.4,3.46,0,0.14613778705636743,0.46960784313725495,21.346249415,8.912839004175364
JetSki,2025-05-01T00:00:00Z,H,H,13,11,Turbinaria,JS-13.11-Turb-K,10.3,0.1,2.58,52.97,0,0.1603448275862069,0.5631067961165048,17.289231570000002,8.942705984482759
JetSki,2025-05-01T00:00:00Z,H,H,13,12,Turbinaria,JS-13.12-Turb-L,10.1,0.11,2.34,36.97,0,0.15151515151515152,0.3594059405940594,11.939797415,6.5784007796143245
JetSki,2025-05-01T00:00:00Z,H,H,13,13,Turbinaria,JS-13.13-Turb-M,18.8,0.11,2.52,35.19,0,0.15751211631663972,0.6585106382978724,12.174871446666666,5.900583899838448
JetSki,2025-05-01T00:00:00Z,H,H,13,14,Turbinaria,JS-13.14-Turb-N,12.3,0.12,2.32,34.62,0,0.15301204819277106,0.6747967479674797,12.631645928000001,7.609425257831325
JetSki,2025-05-01T00:00:00Z,H,H,13,15,Turbinaria,JS-13.15-Turb-O,9.2,0.11,1.48,43.03,0,0.1496062992125984,0.41413043478260875,6.3379450125,6.654010511811023
JetSki,2025-05-01T00:00:00Z,H,H,13,16,Turbinaria,JS-13.16-Turb-P,15.9,0.12,2.82,41.58,0,0.14930270713699756,0.7666666666666666,8.922123136666666,4.391529025430681
JetSki,2025-05-01T00:00:00Z,H,H,13,17,Valonia,JS-13.17-Val-A,3.3,0.23,0.001,96.48,0,0.03049645390070922,4.2727272727272725,1.2648333333333335,1.07645390070922
JetSki,2025-05-01T00:00:00Z,H,H,13,18,Turbinaria,JS-13.18-Turb-Q,12.9,0.1,0.001,52.09,0,0.15069967707212056,0.7201550387596899,7.8307105777777775,7.586264284176535
JetSki,2025-05-01T00:00:00Z,H,H,13,19,Turbinaria,JS-13.19-Turb-R,6.3,0.15,1.8,47.25,0,0.07755102040816327,0.38888888888888895,10.21279412,8.336974791836735
JetSki,2025-05-01T00:00:00Z,H,H,13,20,Turbinaria,JS-13.20-Turb-S,7.1,0.075,2.1,33.96,0,0.12204724409448818,0.35774647887323946,13.057244465,10.281294854330708
JetSki,2025-05-01T00:00:00Z,H,H,13,21,Turbinaria,JS-13.21-Turb-T,1.8,0.08,1.2,26.49,0,0.11971830985915495,0.7888888888888889,6.230243653333333,6.581243295774648
JetSki,2025-05-01T00:00:00Z,H,H,13,22,Turbinaria,JS-13.22-Turb-U,6.3,0.09,1.36,35.49,0,0.16,0.19841269841269843,13.76453915,11.01163132
JetSki,2025-05-01T00:00:00Z,H,H,13,23,Turbinaria,JS-13.23-Turb-V,15.6,0.09,1.44,49.74,0,0.17222222222222222,0.576923076923077,9.19243100375,8.171049781111112
JetSki,2025-05-01T00:00:00Z,H,H,13,24,Turbinaria,JS-13.24-Turb-W,15.3,0.12,2.94,43.69,0,0.15724137931034482,0.9477124183006536,5.710583056153846,5.119833084827586
JetSki,2025-05-01T00:00:00Z,H,H,13,25,Turbinaria,JS-13.25-Turb-X,16.5,0.11,1.88,52.27,0,0.16044399596367306,0.6006060606060606,8.477452027777778,7.698997805247225
West,2025-05-02T00:00:00Z,L,H,29,1,Turbinaria,W-29.01-Turb-A,18.7,0.13,3.2,41.57,0,0.1298828125,1.095187165775401,7.597127345833333,4.451441804199218
West,2025-05-02T00:00:00Z,L,H,29,2,Turbinaria,W-29.02-Turb-B,8.9,0.11,3.1,42.53,0,0.1344717182497332,1.0528089887640448,12.094084517999999,6.453620340448239
West,2025-05-02T00:00:00Z,L,H,29,3,Turbinaria,W-29.03-Turb-C,8.3,0.13,2.64,45.81,0,0.16167664670658685,0.6036144578313252,8.825257362,8.807642077844312
West,2025-05-02T00:00:00Z,L,H,29,4,Turbinaria,W-29.04-Turb-D,6.1,0.11,2.34,41.47,0,0.1346153846153846,0.42622950819672134,10.655235085,8.19633468076923
West,2025-05-02T00:00:00Z,L,H,29,5,Halimeda,W-29.05-Hali-A,5.3,0.1,1.35,19.56,72.72727272727273,0.2533333333333334,0.44528301886792454,6.268509629629629,7.968444444444444
West,2025-05-02T00:00:00Z,L,H,29,6,Halimeda,W-29.06-Hali-B,6.6,0.06,2.4,16.62,68.18181818181817,0.1761565836298932,2.1545454545454548,18.764327402135233,11.876156583629893
West,2025-05-02T00:00:00Z,L,H,29,7,Halimeda,W-29.07-Hali-C,8.1,0.09,2.28,16.38,66.66666666666666,0.2866666666666666,3.588888888888889,1.6365051778242676,1.1259065550906555
West,2025-05-02T00:00:00Z,L,H,29,8,Halimeda,W-29.08-Hali-D,3.9,0.08,1.52,14.72,66.66666666666666,0.31386861313868614,0.7487179487179487,13.111936739659368,13.47116788321168
West,2025-05-02T00:00:00Z,L,H,29,9,Turbinaria,W-29.09-Turb-E,4.4,0.11,2.4,42.82,0,0.1258741258741259,0.32499999999999996,8.906415175,12.45652472027972
West,2025-05-02T00:00:00Z,L,H,29,10,Turbinaria,W-29.10-Turb-F,3.7,0.12,2.1,43.27,0,0.3684210526315789,0.25675675675675674,7.888888219,8.304092862105264
West,2025-05-02T00:00:00Z,L,H,29,11,Amansia,W-29.11-Aman-A,1.6,0.0025,1.2,98.25,0,0.1326530612244898,0.6124999999999999,12.409999999999998,18.99489795918367
West,2025-05-02T00:00:00Z,L,H,29,12,Amansia,W-29.12-Aman-B,7.1,0.0025,2.58,91.28,0,0.22318840579710145,0.48591549295774655,28.483999999999998,24.76869565217391
West,2025-05-02T00:00:00Z,L,H,29,13,Galaxaura,W-29.13-Gal-A,4.9,0.16,4,81.25,53.846153846153854,0.2224926971762415,4.244897959183674,13.321181434599158,9.606621226874392
West,2025-05-02T00:00:00Z,L,H,29,14,Caulerpa,W-29.14-Caule-A,3.4,0.1,0.36,13.03,0,0.07441471571906354,3.51764705882353,5.801769230769231,6.3062709030100335
West,2025-05-02T00:00:00Z,L,H,29,15,Caulerpa,W-29.15-Caule-B,6.5,0.09,0.56,11.12,0,0.09885931558935362,1.2138461538461538,13.238166666666666,10.06704689480355
West,2025-05-02T00:00:00Z,L,H,29,16,Turbinaria,W-29.16-Turb-G,4.4,0.09,1.72,31.36,0,0.15789473684210528,0.25909090909090904,5.97426203,10.481161456140352
West,2025-05-02T00:00:00Z,L,H,29,17,Halimeda,W-29.17-Hali-E,4.8,0.12,1.36,10.72,52.94117647058824,0.19028340080971656,0.5854166666666667,9.264278002699056,9.890688259109313
West,2025-05-02T00:00:00Z,L,H,29,18,Amansia,W-29.18-Aman-C,3.9,0.0025,3.2,50.85,0,0.13274336283185842,0.5794871794871794,43.195,19.11283185840708
West,2025-05-02T00:00:00Z,L,H,29,19,Halimeda,W-29.19-Hali-F,5.7,0.12,2.82,10.72,50,0.3006535947712418,0.8192982456140351,14.202633260711693,9.123747276688453
West,2025-05-02T00:00:00Z,L,H,29,20,Caulerpa,W-29.20-Caule-C,2.5,0.11,0.45,10.72,0,0.11228070175438597,1.1400000000000001,8.139333333333333,8.567719298245613
West,2025-05-02T00:00:00Z,L,H,29,21,Turbinaria,W-29.21-Turb-H,5.3,0.135,2.15,38.79,0,0.14201183431952663,0.31886792452830187,9.898343966666667,8.785512396449704
West,2025-05-02T00:00:00Z,L,H,29,22,Turbinaria,W-29.22-Turb-I,3.1,0.105,1.48,57.62,0,0.15789473684210528,0.18387096774193545,7.648032782,13.417601371929825
West,2025-05-02T00:00:00Z,L,H,29,23,Turbinaria,W-29.23-Turb-J,4.4,0.16,2,45.37,0,0.15217391304347827,0.20909090909090908,12.28188195,13.34987168478261
West,2025-05-02T00:00:00Z,L,H,29,24,Caulerpa,W-29.24-Caule-D,1.6,0.05,0.5,15.34,0,0.19999999999999998,0.5625,7.5377777777777775,15.075555555555555
West,2025-05-02T00:00:00Z,L,H,29,25,Halimeda,W-29.25-Hali-G,4.3,0.11,0.75,27.95,58.82352941176471,0.20779220779220756,0.21860465116279068,8.897038961038962,9.464935064935068
Hilton,2025-05-06T00:00:00Z,L,L,26,1,Turbinaria,H-26.01-Turb-A,17.9,0.13,2.7,36.15,0,0.15081967213114753,1.022346368715084,3.5170929699999998,3.459435708196721
Hilton,2025-05-06T00:00:00Z,L,L,26,2,Turbinaria,H-26.02-Turb-B,14.1,0.14,2.76,50.7,0,0.13697403760071622,0.7921985815602837,5.966233515,5.341301266786034
Hilton,2025-05-06T00:00:00Z,L,L,26,3,Turbinaria,H-26.03-Turb-C,10.5,0.11,1.98,61.04,0,0.13693693693693695,0.5285714285714286,5.637195318333333,6.094265209009009
Hilton,2025-05-06T00:00:00Z,L,L,26,4,Turbinaria,H-26.04-Turb-D,20.6,0.115,3,105.4,0,0.14189886480908154,0.9407766990291261,5.021495976842106,4.923035271413829
Hilton,2025-05-06T00:00:00Z,L,L,26,5,Turbinaria,H-26.05-Turb-E,5.5,0.08,2.46,49.38,0,0.1416666666666667,0.43636363636363634,6.733480255,5.611233545833334
Hilton,2025-05-06T00:00:00Z,L,L,26,6,Turbinaria,H-26.06-Turb-F,6.3,0.14,1.98,46.42,0,0.14285714285714288,0.47777777777777775,4.882932582857143,5.677828584717608
Hilton,2025-05-06T00:00:00Z,L,L,26,7,Turbinaria,H-26.07-Turb-G,24.1,0.13,2.6,57.58,0,0.16464535097390667,1.129045643153527,5.3451379615384615,5.107445314222712
Hilton,2025-05-06T00:00:00Z,L,L,26,8,Turbinaria,H-26.08-Turb-H,15.3,0.11,3,64.94,0,0.17061021170610213,1.049673202614379,4.341288348125,4.325069338107099
Hilton,2025-05-06T00:00:00Z,L,L,26,9,Halimeda,H-26.09-Hali-A,6.4,0.12,0.84,164.74,66.66666666666666,0.38755980861244016,0.34531249999999997,15.059722488038277,10.221531100478469
Hilton,2025-05-06T00:00:00Z,L,L,26,10,Halimeda,H-26.10-Hali-B,11.7,0.12,0.88,95.71,70,0.5156950672645739,0.3982905982905983,11.978428998505235,7.7114349775784765
Hilton,2025-05-06T00:00:00Z,L,L,26,11,Halimeda,H-26.11-Hali-C,6.9,0.11,0.78,122.02,72.09302325581396,0.4279069767441861,0.6855072463768116,8.78295,7.427441860465115
Hilton,2025-05-06T00:00:00Z,L,L,26,12,Halimeda,H-26.12-Hali-D,4,0.12,1.04,41.81,66.66666666666667,0.44957983193277334,1.2725,15.15130462184874,8.930042016806723
Hilton,2025-05-06T00:00:00Z,L,L,26,13,Halimeda,H-26.13-Hali-E,4.9,0.07,0.89,54.3,71.42857142857143,0.5608108108108107,0.34489795918367344,11.373243243243243,10.094594594594595
Hilton,2025-05-06T00:00:00Z,L,L,26,14,Halimeda,H-26.14-Hali-F,3.8,0.06,0.28,25.17,91.66666666666667,0.41346153846153827,0.30526315789473685,14.504461538461536,12.503846153846153
Hilton,2025-05-06T00:00:00Z,L,L,26,15,Dictyota,H-26.15-Dicty-A,3.3,0.02,0.11,37.3,0,0.1623931623931624,0.7090909090909091,24.84,26.53846153846154
Hilton,2025-05-06T00:00:00Z,L,L,26,16,Dictyota,H-26.16-Dicty-B,3.4,0.02,0.26,45.68,0,0.11910112359550562,1.3088235294117647,26.608,23.917303370786517
Hilton,2025-05-06T00:00:00Z,L,L,26,17,Dictyota,H-26.17-Dicty-C,4.2,0.0025,0.27,10.72,0,0.1165644172,3.102380952380952,33.29444785276074,35.77300613496933
Hilton,2025-05-06T00:00:00Z,L,L,26,18,Halimeda,H-26.18-Hali-G,3.9,0.11,1.12,28.2,69.56521739130434,0.22707423580786026,0.6461538461538462,12.18183406113537,9.668122270742357
Hilton,2025-05-06T00:00:00Z,L,L,26,19,Turbinaria,H-26.19-Turb-I,14.8,0.11,1.68,35.99,0,0.15191740412979352,0.4581081081081081,8.614945188,6.353204415929203
Hilton,2025-05-06T00:00:00Z,L,L,26,20,Turbinaria,H-26.20-Turb-J,9.2,0.07,1.8,39.21,0,0.13492063492063494,0.5478260869565218,8.456120226666666,5.033404896825396
Hilton,2025-05-06T00:00:00Z,L,L,26,21,Halimeda,H-26.21-Hali-H,5.2,0.11,0.94,47.49,60,0.46874999999999983,0.42692307692307696,11.243953125,10.1296875
Hilton,2025-05-06T00:00:00Z,L,L,26,22,Halimeda,H-26.22-Hali-I,3,0.13,1.32,21.22,70,0.3243243243243242,0.5266666666666667,14.112175675675674,8.931756756756755
Hilton,2025-05-06T00:00:00Z,L,L,26,23,Halimeda,H-26.23-Hali-J,3.9,0.05,0.57,29.66,75,0.43478260869565194,0.18717948717948718,21.081130434782608,14.439130434782609
Hilton,2025-05-06T00:00:00Z,L,L,26,24,Turbinaria,H-26.24-Turb-K,6.8,0.09,1.74,47.71,0,0.12979351032448377,0.4985294117647059,15.09098938,4.451619286135693
Hilton,2025-05-06T00:00:00Z,L,L,26,25,Turbinaria,H-26.25-Turb-L,15.4,0.1,2.3,33.65,0,0.14803625377643503,0.8597402597402597,7.425677836,5.608518003021148
Church,2025-05-07T00:00:00Z,H,L,17,1,Sargassum,OC-17.01-Sarg-A,19,0.005,4.65,43.73,0,0.14614121510673228,2.2321052631578944,18.145471170537178,14.97504105090312
Church,2025-05-07T00:00:00Z,H,L,17,2,Sargassum,OC-17.02-Sarg-B,4.2,0.005,1.5,24.1,0,0.18518518518518517,0.0642857142857143,48.66,36.04444444444444
Church,2025-05-07T00:00:00Z,H,L,17,3,Padina,OC-17.03-Pad-A,5.8,0.005,0.94,59.39,28.571428571428577,0.23121387283236988,0.3103448275862069,11.35820809248555,12.620231213872833
Church,2025-05-07T00:00:00Z,H,L,17,4,Padina,OC-17.04-Pad-B,9.1,0.005,1.04,34.68,25.000000000000007,0.155893536121673,0.5868131868131868,40.47821520912548,37.90095057034221
Church,2025-05-07T00:00:00Z,H,L,17,5,Padina,OC-17.05-Pad-C,17.4,0.005,0.88,40.78,18.181818181818183,0.16820512820512823,1.1270114942528737,22.611436205128204,17.295846153846153
Church,2025-05-07T00:00:00Z,H,L,17,6,Padina,OC-17.06-Pad-D,10.1,0.005,0.46,61.87,30.769230769230777,0.18644067796610164,0.24653465346534656,7.676374576271185,15.414406779661013
Church,2025-05-07T00:00:00Z,H,L,17,7,Padina,OC-17.07-Pad-E,10.3,0.01,1.2,57.01,18.181818181818183,0.13463098134630982,1.207766990291262,32.00328726682887,25.72611516626115
Church,2025-05-07T00:00:00Z,H,L,17,8,Padina,OC-17.08-Pad-F,9.3,0.01,1.24,41.14,27.777777777777775,0.13717948717948716,0.8580645161290322,42.64225538461538,26.718205128205124
Church,2025-05-07T00:00:00Z,H,L,17,9,Sargassum,OC-17.09-Sarg-C,9.9,0.005,1.5,20.72,0,0.1818181818181818,0.13333333333333333,23.342,35.36666666666666
Church,2025-05-07T00:00:00Z,H,L,17,10,Padina,OC-17.10-Pad-G,5,0.005,0.345,59.77,66.66666666666666,0.2888888888888887,0.096,30.093333333333334,50.155555555555566
Church,2025-05-07T00:00:00Z,H,L,17,11,Padina,OC-17.11-Pad-H,10.5,0.005,0.96,54.28,13.333333333333327,0.13692946058091285,0.9323809523809523,17.01304473547718,13.902385892116186
Church,2025-05-07T00:00:00Z,H,L,17,12,Turbinaria,OC-17.12-Turb-A,5.9,0.055,0.6,25.09,0,0.1931034482758621,0.24576271186440676,4.6456301365,6.407765705517242
Church,2025-05-07T00:00:00Z,H,L,17,13,Turbinaria,OC-17.13-Turb-B,15,0.075,1.86,53.49,0,0.16745655608214852,0.422,8.558396519999999,6.760186824644549
Church,2025-05-07T00:00:00Z,H,L,17,14,Padina,OC-17.14-Pad-I,9.5,0.01,1.6,24.65,25.000000000000007,0.15551181102362208,0.5431578947368422,28.70016377952756,27.81023622047244
Church,2025-05-07T00:00:00Z,H,L,17,15,Padina,OC-17.15-Pad-J,8.8,0.005,1.64,42.65,18.75,0.12871287128712872,0.2477272727272727,12.399559405940593,11.375742574257425
Church,2025-05-07T00:00:00Z,H,L,17,16,Padina,OC-17.16-Pad-K,7.2,0.005,1.52,38.53,28.571428571428577,0.215686274509804,0.22222222222222224,17.053071895424836,10.658169934640522
Church,2025-05-07T00:00:00Z,H,L,17,17,Padina,OC-17.17-Pad-L,5.4,0.01,0.4,48.96,7.142857142857148,0.393939393939394,0.14814814814814814,34.971717171717174,26.22878787878788
Church,2025-05-07T00:00:00Z,H,L,17,18,Padina,OC-17.18-Pad-M,7.7,0.01,0.15,27.59,30.769230769230777,0.16107382550335553,0.2103896103896104,27.239375838926176,33.62885906040268
Church,2025-05-07T00:00:00Z,H,L,17,19,Turbinaria,OC-17.19-Turb-C,13.9,0.09,1.98,53.72,0,0.172147001934236,0.37194244604316545,3.6396461554545456,7.743927990328821
Church,2025-05-07T00:00:00Z,H,L,17,20,Turbinaria,OC-17.20-Turb-D,3.6,0.03,0.92,23.49,0,0.20408163265306123,0.1361111111111111,16.637351095,13.581511097959183
West,2025-05-08T00:00:00Z,L,H,22,1,Turbinaria,W-22.01-Turb-A,10.4,0.11,1.86,38.41,0,0.13309352517985612,0.2673076923076923,9.178250205,13.206115402877698
West,2025-05-08T00:00:00Z,L,H,22,2,Turbinaria,W-22.02-Turb-B,15.4,0.09,2.16,49.13,0,0.17922457937088515,0.8876623376623376,4.182790635625,4.895731541331383
West,2025-05-08T00:00:00Z,L,H,22,3,Turbinaria,W-22.03-Turb-C,6.5,0.07,1.32,48.22,0,0.11650485436893203,0.15846153846153846,8.685631023,8.432651478640775
West,2025-05-08T00:00:00Z,L,H,22,4,Turbinaria,W-22.04-Turb-D,16.7,0.09,1.98,58.53,0,0.13717128642501777,0.8425149700598803,4.934076962142858,4.909529315565032
West,2025-05-08T00:00:00Z,L,H,22,5,Turbinaria,W-22.05-Turb-E,11.5,0.1,1.56,41.47,0,0.1382488479262673,0.3773913043478261,5.783148476666667,7.995136142857143
West,2025-05-08T00:00:00Z,L,H,22,6,Turbinaria,W-22.06-Turb-F,15.4,0.085,3,47.15,0,0.14773776546629733,0.7032467532467532,4.941812511,4.563077110803324
West,2025-05-08T00:00:00Z,L,H,22,7,Turbinaria,W-22.07-Turb-G,14.1,0.095,2.4,40.99,0,0.14316239316239315,0.9957446808510638,5.290732916666667,5.652492432336183
West,2025-05-08T00:00:00Z,L,H,22,8,Turbinaria,W-22.08-Turb-H,16,0.09,2.82,41.17,0,0.13989637305699482,1.085625,2.4339489085,2.802474275762809
West,2025-05-08T00:00:00Z,L,H,22,9,Turbinaria,W-22.09-Turb-I,4.9,0.045,1.8,33.73,0,0.15189873417721517,0.16122448979591836,5.852307148,7.40798373164557
West,2025-05-08T00:00:00Z,L,H,22,10,Turbinaria,W-22.10-Turb-J,15.3,0.05,3,46.11,0,0.13984674329501917,0.6823529411764705,3.592585732,3.441174072796935
West,2025-05-08T00:00:00Z,L,H,22,11,Turbinaria,W-22.11-Turb-K,15.4,0.08,3.1,50,0,0.14461538461538462,0.6331168831168831,4.641194091666667,5.712238882051282
West,2025-05-08T00:00:00Z,L,H,22,12,Turbinaria,W-22.12-Turb-L,15.6,0.11,3,60.02,0,0.14860681114551083,0.8282051282051283,4.459316238666667,5.177224735294118
West,2025-05-08T00:00:00Z,L,H,22,13,Turbinaria,W-22.13-Turb-M,18.9,0.09,2.82,70.75,0,0.13304721030042918,0.7396825396825397,6.090723090909091,4.792414449213161
West,2025-05-08T00:00:00Z,L,H,22,14,Turbinaria,W-22.14-Turb-N,10.8,0.13,2.6,49.62,0,0.13095238095238096,0.4666666666666666,6.621953714,6.569398525793651
West,2025-05-08T00:00:00Z,L,H,22,15,Turbinaria,W-22.15-Turb-O,15.6,0.11,3,51.08,0,0.15889114266396215,0.948076923076923,4.85134404,4.264196924949291
West,2025-05-08T00:00:00Z,L,H,22,16,Turbinaria,W-22.16-Turb-P,18.7,0.09,1.2,50.37,0,0.15180394826412527,0.7855614973262032,7.418283986363636,5.554875687542546
West,2025-05-08T00:00:00Z,L,H,22,17,Turbinaria,W-22.17-Turb-Q,18.8,0.11,1.56,44.4,0,0.14092526690391458,0.7473404255319149,5.67130196,4.843816620640569
West,2025-05-08T00:00:00Z,L,H,22,18,Amansia,W-22.18-Aman-A,8.5,0.04,3,33.48,0,0.2137404580152672,1.8341176470588234,41.05593347873501,36.868702290076335
West,2025-05-08T00:00:00Z,L,H,22,19,Amansia,W-22.19-Aman-B,7.6,0.005,2.46,45.9,0,0.1807228915662651,0.43157894736842106,13.855036144578314,38.01686746987952
West,2025-05-08T00:00:00Z,L,H,22,20,Caulepra,W-22.20-Caule-A,5.8,0.12,0.4,23.01,0,0.040145985401459854,0.47241379310344833,8.5335,6.228832116788321
JetSki,2025-05-10T00:00:00Z,H,H,27,1,Turbinaria,JS-27.01-Turb-A,20.6,0.16,3,55.2,0,0.14465753424657535,0.8859223300970873,5.217399993333333,4.2882739671232875
JetSki,2025-05-10T00:00:00Z,H,H,27,2,Turbinaria,JS-27.02-Turb-B,22.4,0.16,3.4,49.34,0,0.15781710914454278,0.9080357142857144,8.025158153846153,5.129157128810226
JetSki,2025-05-10T00:00:00Z,H,H,27,3,Turbinaria,JS-27.03-Turb-C,8.5,0.11,2.52,36.32,0,0.1276595744680851,0.16588235294117645,6.72300828,11.920227446808513
JetSki,2025-05-10T00:00:00Z,H,H,27,4,Turbinaria,JS-27.04-Turb-D,13.8,0.16,2.4,34.55,0,0.13777089783281735,0.4681159420289855,11.631223202,9.002494738390093
JetSki,2025-05-10T00:00:00Z,H,H,27,5,Turbinaria,JS-27.05-Turb-E,18.3,0.165,2.82,52.78,0,0.13078034682080925,0.7562841530054645,4.397665049411764,5.401756202312139
JetSki,2025-05-10T00:00:00Z,H,H,27,6,Turbinaria,JS-27.06-Turb-F,11.3,0.16,1.92,41.24,0,0.1750599520383693,0.36902654867256635,1.2084025075757576,9.562897541966427
JetSki,2025-05-10T00:00:00Z,H,H,27,7,Turbinaria,JS-27.07-Turb-G,13.4,0.165,2.32,44.44,0,0.131,0.7462686567164178,5.231499767142857,3.662049837
JetSki,2025-05-10T00:00:00Z,H,H,27,8,Turbinaria,JS-27.08-Turb-H,10,0.11,2.34,54.44,0,0.1657754010695187,0.374,21.74113016,11.626272812834225
JetSki,2025-05-10T00:00:00Z,H,H,27,9,Turbinaria,JS-27.09-Turb-I,13.1,0.22,2.4,74.76,0,0.13844714686623014,0.816030534351145,5.68899766,4.789614493919551
JetSki,2025-05-10T00:00:00Z,H,H,27,10,Turbinaria,JS-27.10-Turb-J,12.2,0.16,2.7,50.53,0,0.13320825515947465,0.8737704918032787,6.332179192857143,4.158091402439024
JetSki,2025-05-10T00:00:00Z,H,H,27,11,Turbinaria,JS-27.11-Turb-K,17.9,0.16,2.7,57.75,0,0.14100185528756953,0.9033519553072628,3.539993144,3.2838526382189235
JetSki,2025-05-10T00:00:00Z,H,H,27,12,Turbinaria,JS-27.12-Turb-L,14.1,0.165,2.4,66.85,0,0.14173228346456693,0.450354609929078,9.114807486,7.177013768503937
JetSki,2025-05-10T00:00:00Z,H,H,27,13,Turbinaria,JS-27.13-Turb-M,8.2,0.16,2.1,26.37,0,0.13271604938271603,0.39512195121951227,6.35180159,5.881297768518518
JetSki,2025-05-10T00:00:00Z,H,H,27,14,Turbinaria,JS-27.14-Turb-N,12.7,0.175,2.58,42.66,0,0.1319073083778966,0.441732283464567,17.64396974,12.580370581105168
JetSki,2025-05-10T00:00:00Z,H,H,27,15,Turbinaria,JS-27.15-Turb-O,18.5,0.2,3.1,57.04,0,0.14457108578284342,0.9010810810810812,4.261512256666666,3.834594112177564
JetSki,2025-05-10T00:00:00Z,H,H,27,16,Turbinaria,JS-27.16-Turb-P,13.3,0.115,2.52,61.36,0,0.13913043478260867,0.518796992481203,5.361302396,3.885001736231884
JetSki,2025-05-10T00:00:00Z,H,H,27,17,Turbinaria,JS-27.17-Turb-Q,11.6,0.11,2.82,49.5,0,0.14833333333333334,0.5172413793103449,9.10433551,7.586946258333334
JetSki,2025-05-10T00:00:00Z,H,H,27,18,Turbinaria,JS-27.18-Turb-R,13.1,0.16,2.5,47.98,0,0.13473684210526315,0.7251908396946565,10.928379111111111,10.353201263157894
JetSki,2025-05-10T00:00:00Z,H,H,27,19,Turbinaria,JS-27.19-Turb-S,19.4,0.185,3.1,72.29,0,0.14749430523917995,0.9051546391752577,4.580928287857143,3.6522207306378136
JetSki,2025-05-10T00:00:00Z,H,H,27,20,Turbinaria,JS-27.20-Turb-T,17.7,0.22,3.2,55.48,0,0.14708171206225681,0.7259887005649718,3.386156915,4.216226508949417
Hilton,2025-05-11T00:00:00Z,L,L,29,1,Padina,H-29.01-Pad-A,4.6,0.05,1.5,11.13,33.33333333333333,0.15463917525773185,0.22391304347826088,20.367807560137457,29.661855670103094
Hilton,2025-05-11T00:00:00Z,L,L,29,2,Padina,H-29.02-Pad-B,4.9,0.05,1.86,37.93,8.33333333333333,0.16666666666666663,0.1714285714285714,31.864000000000004,37.93333333333334
Hilton,2025-05-11T00:00:00Z,L,L,29,3,Padina,H-29.03-Pad-C,5.2,0.1,2.16,10.73,25.000000000000007,0.15384615384615397,0.11538461538461538,20.354999999999997,33.925
Hilton,2025-05-11T00:00:00Z,L,L,29,4,Padina,H-29.04-Pad-D,4.7,0.055,1.38,10.74,50,0.3035714285714286,0.13191489361702127,55.21874999999999,35.625
Hilton,2025-05-11T00:00:00Z,L,L,29,5,Padina,H-29.05-Pad-E,4.4,0.05,0.46,10.73,33.33333333333333,0.2105263157894739,0.09318181818181817,28.38171052631579,27.68947368421053
Hilton,2025-05-11T00:00:00Z,L,L,29,6,Padina,H-29.06-Pad-F,3.8,0.05,1.44,10.73,25,0.16279069767441823,0.14473684210526316,51.89697674418604,47.17906976744185
Hilton,2025-05-11T00:00:00Z,L,L,29,7,Padina,H-29.07-Pad-G,4.5,0.05,1,15.79,50,0.17241379310344807,0.06888888888888889,66.35603448275862,42.810344827586206
Hilton,2025-05-11T00:00:00Z,L,L,29,9,Padina,H-29.09-Pad-I,2.7,0.05,0.32,12.84,66.66666666666666,0.11111111111110873,0.04444444444444444,65.90666666666665,54.92222222222222
Hilton,2025-05-11T00:00:00Z,L,L,29,10,Padina,H-29.10-Pad-J,3,0.05,0.82,10.74,50,0.14285714285714296,0.03666666666666667,57.10571428571428,51.91428571428571
Hilton,2025-05-11T00:00:00Z,L,L,29,11,Padina,H-29.11-Pad-K,3.1,0.05,0.28,10.73,50,0.2500000000000002,0.04516129032258065,28.72916666666666,41.04166666666666
Hilton,2025-05-11T00:00:00Z,L,L,29,12,Padina,H-29.12-Pad-L,4.1,0.05,1.86,10.74,25.000000000000007,0.15492957746478872,0.1829268292682927,59.38943661971831,39.592957746478874
Hilton,2025-05-11T00:00:00Z,L,L,29,13,Amansia,H-29.13-Aman-A,2.8,0.005,2.7,39.79,0,0.08333333333333333,1.0714285714285714,32.3156,26.929666666666666
Hilton,2025-05-11T00:00:00Z,L,L,29,14,Turbinaria,H-29.14-Turb-A,4.6,0.1,2.16,33.38,0,0.14218009478672985,0.45869565217391306,5.62345085,3.9977138744075833
Hilton,2025-05-11T00:00:00Z,L,L,29,15,Turbinaria,H-29.15-Turb-B,3.4,0.1,0.4,30.34,0,0.14285714285714285,0.12352941176470589,2.798199123,6.6623788642857145
Hilton,2025-05-11T00:00:00Z,L,L,29,16,Turbinaria,H-29.16-Turb-C,5.6,0.05,2.04,36.84,0,0.16986301369863013,0.6517857142857143,7.605563103333334,6.251147756164384
Hilton,2025-05-11T00:00:00Z,L,L,29,17,Turbinaria,H-29.17-Turb-D,6.9,0.1,1.8,23.28,0,0.18333333333333335,0.2608695652173913,6.859580295,7.621755883333333
Hilton,2025-05-11T00:00:00Z,L,L,29,18,Turbinaria,H-29.18-Turb-E,6.4,0.135,1.62,47.03,0,0.1471861471861472,0.36093749999999997,7.710428305,6.675695502164502
Hilton,2025-05-11T00:00:00Z,L,L,29,19,Turbinaria,H-29.19-Turb-F,4.1,0.11,1.84,35.7,0,0.14634146341463417,0.5,5.594652915,5.4581979658536595
Hilton,2025-05-11T00:00:00Z,L,L,29,20,Turbinaria,H-29.20-Turb-G,6.7,0.11,1.86,24.68,0,0.14285714285714285,0.5432835820895523,16.548339305,9.092494123626373
